,awair_device_uuid,controller_id,description,details,device_class,device_id,gateway_address,gateway_id,handler_id,location_general,location_specific,receiver,time,value
22033,awair-omni_16168,,Classroom,,undefined,70886b1239a5,,c0:98:e5:c0:00:38,,UVA,120 Olsson,http-awairlocal-publish,2021-12-07 08:30:01-05:00,102.5
22034,awair-omni_16168,,Classroom,,undefined,70886b1239a5,,c0:98:e5:c0:00:38,,UVA,120 Olsson,http-awairlocal-publish,2021-12-07 08:30:11-05:00,104.7
22035,awair-omni_16168,,Classroom,,undefined,70886b1239a5,,c0:98:e5:c0:00:38,,UVA,120 Olsson,http-awairlocal-publish,2021-12-07 08:30:21-05:00,107.2
22036,awair-omni_16168,,Classroom,,undefined,70886b1239a5,,c0:98:e5:c0:00:38,,UVA,120 Olsson,http-awairlocal-publish,2021-12-07 08:30:31-05:00,107.5
22037,awair-omni_16168,,Classroom,,undefined,70886b1239a5,,c0:98:e5:c0:00:38,,UVA,120 Olsson,http-awairlocal-publish,2021-12-07 08:30:42-05:00,107.8
22038,awair-omni_16168,,Classroom,,undefined,70886b1239a5,,c0:98:e5:c0:00:38,,UVA,120 Olsson,http-awairlocal-publish,2021-12-07 08:30:52-05:00,108.9
22039,awair-omni_16168,,Classroom,,undefined,70886b1239a5,,c0:98:e5:c0:00:38,,UVA,120 Olsson,http-awairlocal-publish,2021-12-07 08:31:02-05:00,109.7
22040,awair-omni_16168,,Classroom,,undefined,70886b1239a5,,c0:98:e5:c0:00:38,,UVA,120 Olsson,http-awairlocal-publish,2021-12-07 08:31:12-05:00,109.7
22041,awair-omni_16168,,Classroom,,undefined,70886b1239a5,,c0:98:e5:c0:00:38,,UVA,120 Olsson,http-awairlocal-publish,2021-12-07 08:31:22-05:00,109.8
22042,awair-omni_16168,,Classroom,,undefined,70886b1239a5,,c0:98:e5:c0:00:38,,UVA,120 Olsson,http-awairlocal-publish,2021-12-07 08:31:32-05:00,110.3
22043,awair-omni_16168,,Classroom,,undefined,70886b1239a5,,c0:98:e5:c0:00:38,,UVA,120 Olsson,http-awairlocal-publish,2021-12-07 08:31:42-05:00,110.4
22044,awair-omni_16168,,Classroom,,undefined,70886b1239a5,,c0:98:e5:c0:00:38,,UVA,120 Olsson,http-awairlocal-publish,2021-12-07 08:31:52-05:00,110.8
22045,awair-omni_16168,,Classroom,,undefined,70886b1239a5,,c0:98:e5:c0:00:38,,UVA,120 Olsson,http-awairlocal-publish,2021-12-07 08:32:02-05:00,110.8
22046,awair-omni_16168,,Classroom,,undefined,70886b1239a5,,c0:98:e5:c0:00:38,,UVA,120 Olsson,http-awairlocal-publish,2021-12-07 08:32:12-05:00,111.5
22047,awair-omni_16168,,Classroom,,undefined,70886b1239a5,,c0:98:e5:c0:00:38,,UVA,120 Olsson,http-awairlocal-publish,2021-12-07 08:32:22-05:00,110.9
22048,awair-omni_16168,,Classroom,,undefined,70886b1239a5,,c0:98:e5:c0:00:38,,UVA,120 Olsson,http-awairlocal-publish,2021-12-07 08:32:32-05:00,111.6
22049,awair-omni_16168,,Classroom,,undefined,70886b1239a5,,c0:98:e5:c0:00:38,,UVA,120 Olsson,http-awairlocal-publish,2021-12-07 08:32:42-05:00,112.0
22050,awair-omni_16168,,Classroom,,undefined,70886b1239a5,,c0:98:e5:c0:00:38,,UVA,120 Olsson,http-awairlocal-publish,2021-12-07 08:32:52-05:00,112.4
22051,awair-omni_16168,,Classroom,,undefined,70886b1239a5,,c0:98:e5:c0:00:38,,UVA,120 Olsson,http-awairlocal-publish,2021-12-07 08:33:02-05:00,112.7
22052,awair-omni_16168,,Classroom,,undefined,70886b1239a5,,c0:98:e5:c0:00:38,,UVA,120 Olsson,http-awairlocal-publish,2021-12-07 08:33:12-05:00,113.1
22053,awair-omni_16168,,Classroom,,undefined,70886b1239a5,,c0:98:e5:c0:00:38,,UVA,120 Olsson,http-awairlocal-publish,2021-12-07 08:33:22-05:00,113.4
22054,awair-omni_16168,,Classroom,,undefined,70886b1239a5,,c0:98:e5:c0:00:38,,UVA,120 Olsson,http-awairlocal-publish,2021-12-07 08:33:32-05:00,113.4
22055,awair-omni_16168,,Classroom,,undefined,70886b1239a5,,c0:98:e5:c0:00:38,,UVA,120 Olsson,http-awairlocal-publish,2021-12-07 08:33:42-05:00,113.6
22056,awair-omni_16168,,Classroom,,undefined,70886b1239a5,,c0:98:e5:c0:00:38,,UVA,120 Olsson,http-awairlocal-publish,2021-12-07 08:33:52-05:00,114.2
22057,awair-omni_16168,,Classroom,,undefined,70886b1239a5,,c0:98:e5:c0:00:38,,UVA,120 Olsson,http-awairlocal-publish,2021-12-07 08:34:02-05:00,112.4
22058,awair-omni_16168,,Classroom,,undefined,70886b1239a5,,c0:98:e5:c0:00:38,,UVA,120 Olsson,http-awairlocal-publish,2021-12-07 08:34:12-05:00,113.9
22059,awair-omni_16168,,Classroom,,undefined,70886b1239a5,,c0:98:e5:c0:00:38,,UVA,120 Olsson,http-awairlocal-publish,2021-12-07 08:34:22-05:00,114.2
22060,awair-omni_16168,,Classroom,,undefined,70886b1239a5,,c0:98:e5:c0:00:38,,UVA,120 Olsson,http-awairlocal-publish,2021-12-07 08:34:32-05:00,114.3
22061,awair-omni_16168,,Classroom,,undefined,70886b1239a5,,c0:98:e5:c0:00:38,,UVA,120 Olsson,http-awairlocal-publish,2021-12-07 08:34:42-05:00,114.2
22062,awair-omni_16168,,Classroom,,undefined,70886b1239a5,,c0:98:e5:c0:00:38,,UVA,120 Olsson,http-awairlocal-publish,2021-12-07 08:34:52-05:00,114.1
22063,awair-omni_16168,,Classroom,,undefined,70886b1239a5,,c0:98:e5:c0:00:38,,UVA,120 Olsson,http-awairlocal-publish,2021-12-07 08:35:02-05:00,114.1
22064,awair-omni_16168,,Classroom,,undefined,70886b1239a5,,c0:98:e5:c0:00:38,,UVA,120 Olsson,http-awairlocal-publish,2021-12-07 08:35:12-05:00,115.1
22065,awair-omni_16168,,Classroom,,undefined,70886b1239a5,,c0:98:e5:c0:00:38,,UVA,120 Olsson,http-awairlocal-publish,2021-12-07 08:35:22-05:00,115.2
22066,awair-omni_16168,,Classroom,,undefined,70886b1239a5,,c0:98:e5:c0:00:38,,UVA,120 Olsson,http-awairlocal-publish,2021-12-07 08:35:32-05:00,114.8
22067,awair-omni_16168,,Classroom,,undefined,70886b1239a5,,c0:98:e5:c0:00:38,,UVA,120 Olsson,http-awairlocal-publish,2021-12-07 08:35:42-05:00,115.7
22068,awair-omni_16168,,Classroom,,undefined,70886b1239a5,,c0:98:e5:c0:00:38,,UVA,120 Olsson,http-awairlocal-publish,2021-12-07 08:35:52-05:00,115.8
22069,awair-omni_16168,,Classroom,,undefined,70886b1239a5,,c0:98:e5:c0:00:38,,UVA,120 Olsson,http-awairlocal-publish,2021-12-07 08:36:03-05:00,116.4
22070,awair-omni_16168,,Classroom,,undefined,70886b1239a5,,c0:98:e5:c0:00:38,,UVA,120 Olsson,http-awairlocal-publish,2021-12-07 08:36:13-05:00,116.1
22071,awair-omni_16168,,Classroom,,undefined,70886b1239a5,,c0:98:e5:c0:00:38,,UVA,120 Olsson,http-awairlocal-publish,2021-12-07 08:36:23-05:00,116.6
22072,awair-omni_16168,,Classroom,,undefined,70886b1239a5,,c0:98:e5:c0:00:38,,UVA,120 Olsson,http-awairlocal-publish,2021-12-07 08:36:33-05:00,116.5
22073,awair-omni_16168,,Classroom,,undefined,70886b1239a5,,c0:98:e5:c0:00:38,,UVA,120 Olsson,http-awairlocal-publish,2021-12-07 08:36:43-05:00,117.1
22074,awair-omni_16168,,Classroom,,undefined,70886b1239a5,,c0:98:e5:c0:00:38,,UVA,120 Olsson,http-awairlocal-publish,2021-12-07 08:36:53-05:00,117.1
22075,awair-omni_16168,,Classroom,,undefined,70886b1239a5,,c0:98:e5:c0:00:38,,UVA,120 Olsson,http-awairlocal-publish,2021-12-07 08:37:03-05:00,117.1
22076,awair-omni_16168,,Classroom,,undefined,70886b1239a5,,c0:98:e5:c0:00:38,,UVA,120 Olsson,http-awairlocal-publish,2021-12-07 08:37:13-05:00,117.4
22077,awair-omni_16168,,Classroom,,undefined,70886b1239a5,,c0:98:e5:c0:00:38,,UVA,120 Olsson,http-awairlocal-publish,2021-12-07 08:37:23-05:00,117.3
22078,awair-omni_16168,,Classroom,,undefined,70886b1239a5,,c0:98:e5:c0:00:38,,UVA,120 Olsson,http-awairlocal-publish,2021-12-07 08:37:33-05:00,116.8
22079,awair-omni_16168,,Classroom,,undefined,70886b1239a5,,c0:98:e5:c0:00:38,,UVA,120 Olsson,http-awairlocal-publish,2021-12-07 08:37:43-05:00,117.0
22080,awair-omni_16168,,Classroom,,undefined,70886b1239a5,,c0:98:e5:c0:00:38,,UVA,120 Olsson,http-awairlocal-publish,2021-12-07 08:37:53-05:00,117.7
22081,awair-omni_16168,,Classroom,,undefined,70886b1239a5,,c0:98:e5:c0:00:38,,UVA,120 Olsson,http-awairlocal-publish,2021-12-07 08:38:03-05:00,117.4
22082,awair-omni_16168,,Classroom,,undefined,70886b1239a5,,c0:98:e5:c0:00:38,,UVA,120 Olsson,http-awairlocal-publish,2021-12-07 08:38:13-05:00,117.6
22083,awair-omni_16168,,Classroom,,undefined,70886b1239a5,,c0:98:e5:c0:00:38,,UVA,120 Olsson,http-awairlocal-publish,2021-12-07 08:38:23-05:00,117.9
22084,awair-omni_16168,,Classroom,,undefined,70886b1239a5,,c0:98:e5:c0:00:38,,UVA,120 Olsson,http-awairlocal-publish,2021-12-07 08:38:33-05:00,116.7
22085,awair-omni_16168,,Classroom,,undefined,70886b1239a5,,c0:98:e5:c0:00:38,,UVA,120 Olsson,http-awairlocal-publish,2021-12-07 08:38:43-05:00,117.4
22086,awair-omni_16168,,Classroom,,undefined,70886b1239a5,,c0:98:e5:c0:00:38,,UVA,120 Olsson,http-awairlocal-publish,2021-12-07 08:38:53-05:00,117.7
22087,awair-omni_16168,,Classroom,,undefined,70886b1239a5,,c0:98:e5:c0:00:38,,UVA,120 Olsson,http-awairlocal-publish,2021-12-07 08:39:03-05:00,117.7
22088,awair-omni_16168,,Classroom,,undefined,70886b1239a5,,c0:98:e5:c0:00:38,,UVA,120 Olsson,http-awairlocal-publish,2021-12-07 08:39:13-05:00,117.7
22089,awair-omni_16168,,Classroom,,undefined,70886b1239a5,,c0:98:e5:c0:00:38,,UVA,120 Olsson,http-awairlocal-publish,2021-12-07 08:39:23-05:00,117.8
22090,awair-omni_16168,,Classroom,,undefined,70886b1239a5,,c0:98:e5:c0:00:38,,UVA,120 Olsson,http-awairlocal-publish,2021-12-07 08:39:33-05:00,117.9
22091,awair-omni_16168,,Classroom,,undefined,70886b1239a5,,c0:98:e5:c0:00:38,,UVA,120 Olsson,http-awairlocal-publish,2021-12-07 08:39:43-05:00,117.7
22092,awair-omni_16168,,Classroom,,undefined,70886b1239a5,,c0:98:e5:c0:00:38,,UVA,120 Olsson,http-awairlocal-publish,2021-12-07 08:39:53-05:00,117.8
22093,awair-omni_16168,,Classroom,,undefined,70886b1239a5,,c0:98:e5:c0:00:38,,UVA,120 Olsson,http-awairlocal-publish,2021-12-07 08:40:03-05:00,118.2
22094,awair-omni_16168,,Classroom,,undefined,70886b1239a5,,c0:98:e5:c0:00:38,,UVA,120 Olsson,http-awairlocal-publish,2021-12-07 08:40:13-05:00,117.9
22095,awair-omni_16168,,Classroom,,undefined,70886b1239a5,,c0:98:e5:c0:00:38,,UVA,120 Olsson,http-awairlocal-publish,2021-12-07 08:40:23-05:00,117.9
22096,awair-omni_16168,,Classroom,,undefined,70886b1239a5,,c0:98:e5:c0:00:38,,UVA,120 Olsson,http-awairlocal-publish,2021-12-07 08:40:33-05:00,118.2
22097,awair-omni_16168,,Classroom,,undefined,70886b1239a5,,c0:98:e5:c0:00:38,,UVA,120 Olsson,http-awairlocal-publish,2021-12-07 08:40:43-05:00,118.2
22098,awair-omni_16168,,Classroom,,undefined,70886b1239a5,,c0:98:e5:c0:00:38,,UVA,120 Olsson,http-awairlocal-publish,2021-12-07 08:40:53-05:00,118.0
22099,awair-omni_16168,,Classroom,,undefined,70886b1239a5,,c0:98:e5:c0:00:38,,UVA,120 Olsson,http-awairlocal-publish,2021-12-07 08:41:04-05:00,117.9
22100,awair-omni_16168,,Classroom,,undefined,70886b1239a5,,c0:98:e5:c0:00:38,,UVA,120 Olsson,http-awairlocal-publish,2021-12-07 08:41:14-05:00,118.2
22101,awair-omni_16168,,Classroom,,undefined,70886b1239a5,,c0:98:e5:c0:00:38,,UVA,120 Olsson,http-awairlocal-publish,2021-12-07 08:41:24-05:00,118.2
22102,awair-omni_16168,,Classroom,,undefined,70886b1239a5,,c0:98:e5:c0:00:38,,UVA,120 Olsson,http-awairlocal-publish,2021-12-07 08:41:34-05:00,118.0
22103,awair-omni_16168,,Classroom,,undefined,70886b1239a5,,c0:98:e5:c0:00:38,,UVA,120 Olsson,http-awairlocal-publish,2021-12-07 08:41:44-05:00,118.2
22104,awair-omni_16168,,Classroom,,undefined,70886b1239a5,,c0:98:e5:c0:00:38,,UVA,120 Olsson,http-awairlocal-publish,2021-12-07 08:41:54-05:00,117.8
22105,awair-omni_16168,,Classroom,,undefined,70886b1239a5,,c0:98:e5:c0:00:38,,UVA,120 Olsson,http-awairlocal-publish,2021-12-07 08:42:04-05:00,117.4
22106,awair-omni_16168,,Classroom,,undefined,70886b1239a5,,c0:98:e5:c0:00:38,,UVA,120 Olsson,http-awairlocal-publish,2021-12-07 08:42:14-05:00,117.7
22107,awair-omni_16168,,Classroom,,undefined,70886b1239a5,,c0:98:e5:c0:00:38,,UVA,120 Olsson,http-awairlocal-publish,2021-12-07 08:42:24-05:00,117.9
22108,awair-omni_16168,,Classroom,,undefined,70886b1239a5,,c0:98:e5:c0:00:38,,UVA,120 Olsson,http-awairlocal-publish,2021-12-07 08:42:34-05:00,117.8
22109,awair-omni_16168,,Classroom,,undefined,70886b1239a5,,c0:98:e5:c0:00:38,,UVA,120 Olsson,http-awairlocal-publish,2021-12-07 08:42:44-05:00,118.0
22110,awair-omni_16168,,Classroom,,undefined,70886b1239a5,,c0:98:e5:c0:00:38,,UVA,120 Olsson,http-awairlocal-publish,2021-12-07 08:42:54-05:00,118.0
22111,awair-omni_16168,,Classroom,,undefined,70886b1239a5,,c0:98:e5:c0:00:38,,UVA,120 Olsson,http-awairlocal-publish,2021-12-07 08:43:04-05:00,117.6
22112,awair-omni_16168,,Classroom,,undefined,70886b1239a5,,c0:98:e5:c0:00:38,,UVA,120 Olsson,http-awairlocal-publish,2021-12-07 08:43:14-05:00,118.2
22113,awair-omni_16168,,Classroom,,undefined,70886b1239a5,,c0:98:e5:c0:00:38,,UVA,120 Olsson,http-awairlocal-publish,2021-12-07 08:43:24-05:00,117.7
22114,awair-omni_16168,,Classroom,,undefined,70886b1239a5,,c0:98:e5:c0:00:38,,UVA,120 Olsson,http-awairlocal-publish,2021-12-07 08:43:34-05:00,117.6
22115,awair-omni_16168,,Classroom,,undefined,70886b1239a5,,c0:98:e5:c0:00:38,,UVA,120 Olsson,http-awairlocal-publish,2021-12-07 08:43:44-05:00,118.0
22116,awair-omni_16168,,Classroom,,undefined,70886b1239a5,,c0:98:e5:c0:00:38,,UVA,120 Olsson,http-awairlocal-publish,2021-12-07 08:43:54-05:00,117.6
22117,awair-omni_16168,,Classroom,,undefined,70886b1239a5,,c0:98:e5:c0:00:38,,UVA,120 Olsson,http-awairlocal-publish,2021-12-07 08:44:04-05:00,118.3
22118,awair-omni_16168,,Classroom,,undefined,70886b1239a5,,c0:98:e5:c0:00:38,,UVA,120 Olsson,http-awairlocal-publish,2021-12-07 08:44:14-05:00,117.9
22119,awair-omni_16168,,Classroom,,undefined,70886b1239a5,,c0:98:e5:c0:00:38,,UVA,120 Olsson,http-awairlocal-publish,2021-12-07 08:44:24-05:00,118.2
22120,awair-omni_16168,,Classroom,,undefined,70886b1239a5,,c0:98:e5:c0:00:38,,UVA,120 Olsson,http-awairlocal-publish,2021-12-07 08:44:34-05:00,118.3
22121,awair-omni_16168,,Classroom,,undefined,70886b1239a5,,c0:98:e5:c0:00:38,,UVA,120 Olsson,http-awairlocal-publish,2021-12-07 08:44:44-05:00,118.0
22122,awair-omni_16168,,Classroom,,undefined,70886b1239a5,,c0:98:e5:c0:00:38,,UVA,120 Olsson,http-awairlocal-publish,2021-12-07 08:44:54-05:00,117.9
22123,awair-omni_16168,,Classroom,,undefined,70886b1239a5,,c0:98:e5:c0:00:38,,UVA,120 Olsson,http-awairlocal-publish,2021-12-07 08:45:04-05:00,118.3
22124,awair-omni_16168,,Classroom,,undefined,70886b1239a5,,c0:98:e5:c0:00:38,,UVA,120 Olsson,http-awairlocal-publish,2021-12-07 08:45:14-05:00,118.0
22125,awair-omni_16168,,Classroom,,undefined,70886b1239a5,,c0:98:e5:c0:00:38,,UVA,120 Olsson,http-awairlocal-publish,2021-12-07 08:45:24-05:00,118.2
22126,awair-omni_16168,,Classroom,,undefined,70886b1239a5,,c0:98:e5:c0:00:38,,UVA,120 Olsson,http-awairlocal-publish,2021-12-07 08:45:34-05:00,118.3
22127,awair-omni_16168,,Classroom,,undefined,70886b1239a5,,c0:98:e5:c0:00:38,,UVA,120 Olsson,http-awairlocal-publish,2021-12-07 08:45:44-05:00,117.9
22128,awair-omni_16168,,Classroom,,undefined,70886b1239a5,,c0:98:e5:c0:00:38,,UVA,120 Olsson,http-awairlocal-publish,2021-12-07 08:45:54-05:00,118.0
22129,awair-omni_16168,,Classroom,,undefined,70886b1239a5,,c0:98:e5:c0:00:38,,UVA,120 Olsson,http-awairlocal-publish,2021-12-07 08:46:04-05:00,118.0
22130,awair-omni_16168,,Classroom,,undefined,70886b1239a5,,c0:98:e5:c0:00:38,,UVA,120 Olsson,http-awairlocal-publish,2021-12-07 08:46:15-05:00,117.8
22131,awair-omni_16168,,Classroom,,undefined,70886b1239a5,,c0:98:e5:c0:00:38,,UVA,120 Olsson,http-awairlocal-publish,2021-12-07 08:46:25-05:00,117.7
22132,awair-omni_16168,,Classroom,,undefined,70886b1239a5,,c0:98:e5:c0:00:38,,UVA,120 Olsson,http-awairlocal-publish,2021-12-07 08:46:35-05:00,117.8
22133,awair-omni_16168,,Classroom,,undefined,70886b1239a5,,c0:98:e5:c0:00:38,,UVA,120 Olsson,http-awairlocal-publish,2021-12-07 08:46:45-05:00,117.4
22134,awair-omni_16168,,Classroom,,undefined,70886b1239a5,,c0:98:e5:c0:00:38,,UVA,120 Olsson,http-awairlocal-publish,2021-12-07 08:46:55-05:00,117.8
22135,awair-omni_16168,,Classroom,,undefined,70886b1239a5,,c0:98:e5:c0:00:38,,UVA,120 Olsson,http-awairlocal-publish,2021-12-07 08:47:05-05:00,117.8
22136,awair-omni_16168,,Classroom,,undefined,70886b1239a5,,c0:98:e5:c0:00:38,,UVA,120 Olsson,http-awairlocal-publish,2021-12-07 08:47:15-05:00,117.8
22137,awair-omni_16168,,Classroom,,undefined,70886b1239a5,,c0:98:e5:c0:00:38,,UVA,120 Olsson,http-awairlocal-publish,2021-12-07 08:47:25-05:00,117.4
22138,awair-omni_16168,,Classroom,,undefined,70886b1239a5,,c0:98:e5:c0:00:38,,UVA,120 Olsson,http-awairlocal-publish,2021-12-07 08:47:35-05:00,117.6
22139,awair-omni_16168,,Classroom,,undefined,70886b1239a5,,c0:98:e5:c0:00:38,,UVA,120 Olsson,http-awairlocal-publish,2021-12-07 08:47:45-05:00,117.7
22140,awair-omni_16168,,Classroom,,undefined,70886b1239a5,,c0:98:e5:c0:00:38,,UVA,120 Olsson,http-awairlocal-publish,2021-12-07 08:47:55-05:00,117.8
22141,awair-omni_16168,,Classroom,,undefined,70886b1239a5,,c0:98:e5:c0:00:38,,UVA,120 Olsson,http-awairlocal-publish,2021-12-07 08:48:05-05:00,117.7
22142,awair-omni_16168,,Classroom,,undefined,70886b1239a5,,c0:98:e5:c0:00:38,,UVA,120 Olsson,http-awairlocal-publish,2021-12-07 08:48:15-05:00,117.6
22143,awair-omni_16168,,Classroom,,undefined,70886b1239a5,,c0:98:e5:c0:00:38,,UVA,120 Olsson,http-awairlocal-publish,2021-12-07 08:48:25-05:00,117.9
22144,awair-omni_16168,,Classroom,,undefined,70886b1239a5,,c0:98:e5:c0:00:38,,UVA,120 Olsson,http-awairlocal-publish,2021-12-07 08:48:35-05:00,118.0
22145,awair-omni_16168,,Classroom,,undefined,70886b1239a5,,c0:98:e5:c0:00:38,,UVA,120 Olsson,http-awairlocal-publish,2021-12-07 08:48:45-05:00,118.2
22146,awair-omni_16168,,Classroom,,undefined,70886b1239a5,,c0:98:e5:c0:00:38,,UVA,120 Olsson,http-awairlocal-publish,2021-12-07 08:48:55-05:00,117.7
22147,awair-omni_16168,,Classroom,,undefined,70886b1239a5,,c0:98:e5:c0:00:38,,UVA,120 Olsson,http-awairlocal-publish,2021-12-07 08:49:05-05:00,117.9
22148,awair-omni_16168,,Classroom,,undefined,70886b1239a5,,c0:98:e5:c0:00:38,,UVA,120 Olsson,http-awairlocal-publish,2021-12-07 08:49:15-05:00,117.7
22149,awair-omni_16168,,Classroom,,undefined,70886b1239a5,,c0:98:e5:c0:00:38,,UVA,120 Olsson,http-awairlocal-publish,2021-12-07 08:49:25-05:00,117.8
22150,awair-omni_16168,,Classroom,,undefined,70886b1239a5,,c0:98:e5:c0:00:38,,UVA,120 Olsson,http-awairlocal-publish,2021-12-07 08:49:35-05:00,117.9
22151,awair-omni_16168,,Classroom,,undefined,70886b1239a5,,c0:98:e5:c0:00:38,,UVA,120 Olsson,http-awairlocal-publish,2021-12-07 08:49:45-05:00,117.9
22152,awair-omni_16168,,Classroom,,undefined,70886b1239a5,,c0:98:e5:c0:00:38,,UVA,120 Olsson,http-awairlocal-publish,2021-12-07 08:49:55-05:00,117.7
22153,awair-omni_16168,,Classroom,,undefined,70886b1239a5,,c0:98:e5:c0:00:38,,UVA,120 Olsson,http-awairlocal-publish,2021-12-07 08:50:05-05:00,117.9
22154,awair-omni_16168,,Classroom,,undefined,70886b1239a5,,c0:98:e5:c0:00:38,,UVA,120 Olsson,http-awairlocal-publish,2021-12-07 08:50:15-05:00,117.7
22155,awair-omni_16168,,Classroom,,undefined,70886b1239a5,,c0:98:e5:c0:00:38,,UVA,120 Olsson,http-awairlocal-publish,2021-12-07 08:50:25-05:00,117.6
22156,awair-omni_16168,,Classroom,,undefined,70886b1239a5,,c0:98:e5:c0:00:38,,UVA,120 Olsson,http-awairlocal-publish,2021-12-07 08:50:35-05:00,117.9
22157,awair-omni_16168,,Classroom,,undefined,70886b1239a5,,c0:98:e5:c0:00:38,,UVA,120 Olsson,http-awairlocal-publish,2021-12-07 08:50:45-05:00,116.7
22158,awair-omni_16168,,Classroom,,undefined,70886b1239a5,,c0:98:e5:c0:00:38,,UVA,120 Olsson,http-awairlocal-publish,2021-12-07 08:50:55-05:00,117.4
22159,awair-omni_16168,,Classroom,,undefined,70886b1239a5,,c0:98:e5:c0:00:38,,UVA,120 Olsson,http-awairlocal-publish,2021-12-07 08:51:05-05:00,117.4
22160,awair-omni_16168,,Classroom,,undefined,70886b1239a5,,c0:98:e5:c0:00:38,,UVA,120 Olsson,http-awairlocal-publish,2021-12-07 08:51:15-05:00,117.9
22161,awair-omni_16168,,Classroom,,undefined,70886b1239a5,,c0:98:e5:c0:00:38,,UVA,120 Olsson,http-awairlocal-publish,2021-12-07 08:51:26-05:00,117.7
22162,awair-omni_16168,,Classroom,,undefined,70886b1239a5,,c0:98:e5:c0:00:38,,UVA,120 Olsson,http-awairlocal-publish,2021-12-07 08:51:36-05:00,117.8
22163,awair-omni_16168,,Classroom,,undefined,70886b1239a5,,c0:98:e5:c0:00:38,,UVA,120 Olsson,http-awairlocal-publish,2021-12-07 08:51:46-05:00,117.6
22164,awair-omni_16168,,Classroom,,undefined,70886b1239a5,,c0:98:e5:c0:00:38,,UVA,120 Olsson,http-awairlocal-publish,2021-12-07 08:51:56-05:00,117.2
22165,awair-omni_16168,,Classroom,,undefined,70886b1239a5,,c0:98:e5:c0:00:38,,UVA,120 Olsson,http-awairlocal-publish,2021-12-07 08:52:06-05:00,117.2
22166,awair-omni_16168,,Classroom,,undefined,70886b1239a5,,c0:98:e5:c0:00:38,,UVA,120 Olsson,http-awairlocal-publish,2021-12-07 08:52:16-05:00,117.7
22167,awair-omni_16168,,Classroom,,undefined,70886b1239a5,,c0:98:e5:c0:00:38,,UVA,120 Olsson,http-awairlocal-publish,2021-12-07 08:52:26-05:00,117.4
22168,awair-omni_16168,,Classroom,,undefined,70886b1239a5,,c0:98:e5:c0:00:38,,UVA,120 Olsson,http-awairlocal-publish,2021-12-07 08:52:36-05:00,117.7
22169,awair-omni_16168,,Classroom,,undefined,70886b1239a5,,c0:98:e5:c0:00:38,,UVA,120 Olsson,http-awairlocal-publish,2021-12-07 08:52:46-05:00,118.0
22170,awair-omni_16168,,Classroom,,undefined,70886b1239a5,,c0:98:e5:c0:00:38,,UVA,120 Olsson,http-awairlocal-publish,2021-12-07 08:52:56-05:00,117.8
22171,awair-omni_16168,,Classroom,,undefined,70886b1239a5,,c0:98:e5:c0:00:38,,UVA,120 Olsson,http-awairlocal-publish,2021-12-07 08:53:06-05:00,117.9
22172,awair-omni_16168,,Classroom,,undefined,70886b1239a5,,c0:98:e5:c0:00:38,,UVA,120 Olsson,http-awairlocal-publish,2021-12-07 08:53:16-05:00,117.3
22173,awair-omni_16168,,Classroom,,undefined,70886b1239a5,,c0:98:e5:c0:00:38,,UVA,120 Olsson,http-awairlocal-publish,2021-12-07 08:53:26-05:00,116.6
22174,awair-omni_16168,,Classroom,,undefined,70886b1239a5,,c0:98:e5:c0:00:38,,UVA,120 Olsson,http-awairlocal-publish,2021-12-07 08:53:36-05:00,116.7
22175,awair-omni_16168,,Classroom,,undefined,70886b1239a5,,c0:98:e5:c0:00:38,,UVA,120 Olsson,http-awairlocal-publish,2021-12-07 08:53:46-05:00,117.0
22176,awair-omni_16168,,Classroom,,undefined,70886b1239a5,,c0:98:e5:c0:00:38,,UVA,120 Olsson,http-awairlocal-publish,2021-12-07 08:53:56-05:00,117.0
22177,awair-omni_16168,,Classroom,,undefined,70886b1239a5,,c0:98:e5:c0:00:38,,UVA,120 Olsson,http-awairlocal-publish,2021-12-07 08:54:06-05:00,117.0
22178,awair-omni_16168,,Classroom,,undefined,70886b1239a5,,c0:98:e5:c0:00:38,,UVA,120 Olsson,http-awairlocal-publish,2021-12-07 08:54:16-05:00,116.6
22179,awair-omni_16168,,Classroom,,undefined,70886b1239a5,,c0:98:e5:c0:00:38,,UVA,120 Olsson,http-awairlocal-publish,2021-12-07 08:54:26-05:00,117.0
22180,awair-omni_16168,,Classroom,,undefined,70886b1239a5,,c0:98:e5:c0:00:38,,UVA,120 Olsson,http-awairlocal-publish,2021-12-07 08:54:46-05:00,117.0
22181,awair-omni_16168,,Classroom,,undefined,70886b1239a5,,c0:98:e5:c0:00:38,,UVA,120 Olsson,http-awairlocal-publish,2021-12-07 08:54:56-05:00,117.1
22182,awair-omni_16168,,Classroom,,undefined,70886b1239a5,,c0:98:e5:c0:00:38,,UVA,120 Olsson,http-awairlocal-publish,2021-12-07 08:55:06-05:00,117.3
22183,awair-omni_16168,,Classroom,,undefined,70886b1239a5,,c0:98:e5:c0:00:38,,UVA,120 Olsson,http-awairlocal-publish,2021-12-07 08:55:16-05:00,117.3
22184,awair-omni_16168,,Classroom,,undefined,70886b1239a5,,c0:98:e5:c0:00:38,,UVA,120 Olsson,http-awairlocal-publish,2021-12-07 08:55:26-05:00,117.4
22185,awair-omni_16168,,Classroom,,undefined,70886b1239a5,,c0:98:e5:c0:00:38,,UVA,120 Olsson,http-awairlocal-publish,2021-12-07 08:55:36-05:00,117.2
22186,awair-omni_16168,,Classroom,,undefined,70886b1239a5,,c0:98:e5:c0:00:38,,UVA,120 Olsson,http-awairlocal-publish,2021-12-07 08:55:46-05:00,117.4
22187,awair-omni_16168,,Classroom,,undefined,70886b1239a5,,c0:98:e5:c0:00:38,,UVA,120 Olsson,http-awairlocal-publish,2021-12-07 08:55:56-05:00,117.3
22188,awair-omni_16168,,Classroom,,undefined,70886b1239a5,,c0:98:e5:c0:00:38,,UVA,120 Olsson,http-awairlocal-publish,2021-12-07 08:56:06-05:00,117.6
22189,awair-omni_16168,,Classroom,,undefined,70886b1239a5,,c0:98:e5:c0:00:38,,UVA,120 Olsson,http-awairlocal-publish,2021-12-07 08:56:16-05:00,117.6
22190,awair-omni_16168,,Classroom,,undefined,70886b1239a5,,c0:98:e5:c0:00:38,,UVA,120 Olsson,http-awairlocal-publish,2021-12-07 08:56:26-05:00,117.3
22191,awair-omni_16168,,Classroom,,undefined,70886b1239a5,,c0:98:e5:c0:00:38,,UVA,120 Olsson,http-awairlocal-publish,2021-12-07 08:56:37-05:00,117.2
22192,awair-omni_16168,,Classroom,,undefined,70886b1239a5,,c0:98:e5:c0:00:38,,UVA,120 Olsson,http-awairlocal-publish,2021-12-07 08:56:47-05:00,117.1
22193,awair-omni_16168,,Classroom,,undefined,70886b1239a5,,c0:98:e5:c0:00:38,,UVA,120 Olsson,http-awairlocal-publish,2021-12-07 08:56:57-05:00,117.2
22194,awair-omni_16168,,Classroom,,undefined,70886b1239a5,,c0:98:e5:c0:00:38,,UVA,120 Olsson,http-awairlocal-publish,2021-12-07 08:57:07-05:00,117.2
22195,awair-omni_16168,,Classroom,,undefined,70886b1239a5,,c0:98:e5:c0:00:38,,UVA,120 Olsson,http-awairlocal-publish,2021-12-07 08:57:17-05:00,117.4
22196,awair-omni_16168,,Classroom,,undefined,70886b1239a5,,c0:98:e5:c0:00:38,,UVA,120 Olsson,http-awairlocal-publish,2021-12-07 08:57:27-05:00,117.8
22197,awair-omni_16168,,Classroom,,undefined,70886b1239a5,,c0:98:e5:c0:00:38,,UVA,120 Olsson,http-awairlocal-publish,2021-12-07 08:57:37-05:00,117.4
22198,awair-omni_16168,,Classroom,,undefined,70886b1239a5,,c0:98:e5:c0:00:38,,UVA,120 Olsson,http-awairlocal-publish,2021-12-07 08:57:47-05:00,117.7
22199,awair-omni_16168,,Classroom,,undefined,70886b1239a5,,c0:98:e5:c0:00:38,,UVA,120 Olsson,http-awairlocal-publish,2021-12-07 08:57:57-05:00,117.1
22200,awair-omni_16168,,Classroom,,undefined,70886b1239a5,,c0:98:e5:c0:00:38,,UVA,120 Olsson,http-awairlocal-publish,2021-12-07 08:58:07-05:00,117.1
22201,awair-omni_16168,,Classroom,,undefined,70886b1239a5,,c0:98:e5:c0:00:38,,UVA,120 Olsson,http-awairlocal-publish,2021-12-07 08:58:17-05:00,116.7
22202,awair-omni_16168,,Classroom,,undefined,70886b1239a5,,c0:98:e5:c0:00:38,,UVA,120 Olsson,http-awairlocal-publish,2021-12-07 08:58:27-05:00,117.2
22203,awair-omni_16168,,Classroom,,undefined,70886b1239a5,,c0:98:e5:c0:00:38,,UVA,120 Olsson,http-awairlocal-publish,2021-12-07 08:58:37-05:00,117.2
22204,awair-omni_16168,,Classroom,,undefined,70886b1239a5,,c0:98:e5:c0:00:38,,UVA,120 Olsson,http-awairlocal-publish,2021-12-07 08:58:47-05:00,117.1
22205,awair-omni_16168,,Classroom,,undefined,70886b1239a5,,c0:98:e5:c0:00:38,,UVA,120 Olsson,http-awairlocal-publish,2021-12-07 08:58:57-05:00,117.1
22206,awair-omni_16168,,Classroom,,undefined,70886b1239a5,,c0:98:e5:c0:00:38,,UVA,120 Olsson,http-awairlocal-publish,2021-12-07 08:59:07-05:00,117.0
22207,awair-omni_16168,,Classroom,,undefined,70886b1239a5,,c0:98:e5:c0:00:38,,UVA,120 Olsson,http-awairlocal-publish,2021-12-07 08:59:17-05:00,116.7
22208,awair-omni_16168,,Classroom,,undefined,70886b1239a5,,c0:98:e5:c0:00:38,,UVA,120 Olsson,http-awairlocal-publish,2021-12-07 08:59:27-05:00,117.2
22209,awair-omni_16168,,Classroom,,undefined,70886b1239a5,,c0:98:e5:c0:00:38,,UVA,120 Olsson,http-awairlocal-publish,2021-12-07 08:59:37-05:00,117.2
22210,awair-omni_16168,,Classroom,,undefined,70886b1239a5,,c0:98:e5:c0:00:38,,UVA,120 Olsson,http-awairlocal-publish,2021-12-07 08:59:47-05:00,117.2
22211,awair-omni_16168,,Classroom,,undefined,70886b1239a5,,c0:98:e5:c0:00:38,,UVA,120 Olsson,http-awairlocal-publish,2021-12-07 08:59:57-05:00,117.2
22212,awair-omni_16168,,Classroom,,undefined,70886b1239a5,,c0:98:e5:c0:00:38,,UVA,120 Olsson,http-awairlocal-publish,2021-12-07 09:00:07-05:00,117.0
22213,awair-omni_16168,,Classroom,,undefined,70886b1239a5,,c0:98:e5:c0:00:38,,UVA,120 Olsson,http-awairlocal-publish,2021-12-07 09:00:17-05:00,117.0
22214,awair-omni_16168,,Classroom,,undefined,70886b1239a5,,c0:98:e5:c0:00:38,,UVA,120 Olsson,http-awairlocal-publish,2021-12-07 09:00:27-05:00,116.7
22215,awair-omni_16168,,Classroom,,undefined,70886b1239a5,,c0:98:e5:c0:00:38,,UVA,120 Olsson,http-awairlocal-publish,2021-12-07 09:00:37-05:00,116.8
22216,awair-omni_16168,,Classroom,,undefined,70886b1239a5,,c0:98:e5:c0:00:38,,UVA,120 Olsson,http-awairlocal-publish,2021-12-07 09:00:47-05:00,116.8
22217,awair-omni_16168,,Classroom,,undefined,70886b1239a5,,c0:98:e5:c0:00:38,,UVA,120 Olsson,http-awairlocal-publish,2021-12-07 09:00:57-05:00,117.0
22218,awair-omni_16168,,Classroom,,undefined,70886b1239a5,,c0:98:e5:c0:00:38,,UVA,120 Olsson,http-awairlocal-publish,2021-12-07 09:01:07-05:00,117.1
22219,awair-omni_16168,,Classroom,,undefined,70886b1239a5,,c0:98:e5:c0:00:38,,UVA,120 Olsson,http-awairlocal-publish,2021-12-07 09:01:17-05:00,116.8
22220,awair-omni_16168,,Classroom,,undefined,70886b1239a5,,c0:98:e5:c0:00:38,,UVA,120 Olsson,http-awairlocal-publish,2021-12-07 09:01:27-05:00,116.7
22221,awair-omni_16168,,Classroom,,undefined,70886b1239a5,,c0:98:e5:c0:00:38,,UVA,120 Olsson,http-awairlocal-publish,2021-12-07 09:01:37-05:00,116.2
22222,awair-omni_16168,,Classroom,,undefined,70886b1239a5,,c0:98:e5:c0:00:38,,UVA,120 Olsson,http-awairlocal-publish,2021-12-07 09:01:58-05:00,116.1
22223,awair-omni_16168,,Classroom,,undefined,70886b1239a5,,c0:98:e5:c0:00:38,,UVA,120 Olsson,http-awairlocal-publish,2021-12-07 09:02:08-05:00,116.6
22224,awair-omni_16168,,Classroom,,undefined,70886b1239a5,,c0:98:e5:c0:00:38,,UVA,120 Olsson,http-awairlocal-publish,2021-12-07 09:02:18-05:00,116.8
22225,awair-omni_16168,,Classroom,,undefined,70886b1239a5,,c0:98:e5:c0:00:38,,UVA,120 Olsson,http-awairlocal-publish,2021-12-07 09:02:28-05:00,116.6
22226,awair-omni_16168,,Classroom,,undefined,70886b1239a5,,c0:98:e5:c0:00:38,,UVA,120 Olsson,http-awairlocal-publish,2021-12-07 09:02:38-05:00,116.8
22227,awair-omni_16168,,Classroom,,undefined,70886b1239a5,,c0:98:e5:c0:00:38,,UVA,120 Olsson,http-awairlocal-publish,2021-12-07 09:02:48-05:00,116.7
22228,awair-omni_16168,,Classroom,,undefined,70886b1239a5,,c0:98:e5:c0:00:38,,UVA,120 Olsson,http-awairlocal-publish,2021-12-07 09:02:58-05:00,116.8
22229,awair-omni_16168,,Classroom,,undefined,70886b1239a5,,c0:98:e5:c0:00:38,,UVA,120 Olsson,http-awairlocal-publish,2021-12-07 09:03:08-05:00,117.1
22230,awair-omni_16168,,Classroom,,undefined,70886b1239a5,,c0:98:e5:c0:00:38,,UVA,120 Olsson,http-awairlocal-publish,2021-12-07 09:03:18-05:00,117.1
22231,awair-omni_16168,,Classroom,,undefined,70886b1239a5,,c0:98:e5:c0:00:38,,UVA,120 Olsson,http-awairlocal-publish,2021-12-07 09:03:28-05:00,117.1
22232,awair-omni_16168,,Classroom,,undefined,70886b1239a5,,c0:98:e5:c0:00:38,,UVA,120 Olsson,http-awairlocal-publish,2021-12-07 09:03:38-05:00,117.2
22233,awair-omni_16168,,Classroom,,undefined,70886b1239a5,,c0:98:e5:c0:00:38,,UVA,120 Olsson,http-awairlocal-publish,2021-12-07 09:03:48-05:00,116.7
22234,awair-omni_16168,,Classroom,,undefined,70886b1239a5,,c0:98:e5:c0:00:38,,UVA,120 Olsson,http-awairlocal-publish,2021-12-07 09:03:58-05:00,117.0
22235,awair-omni_16168,,Classroom,,undefined,70886b1239a5,,c0:98:e5:c0:00:38,,UVA,120 Olsson,http-awairlocal-publish,2021-12-07 09:04:08-05:00,116.7
22236,awair-omni_16168,,Classroom,,undefined,70886b1239a5,,c0:98:e5:c0:00:38,,UVA,120 Olsson,http-awairlocal-publish,2021-12-07 09:04:18-05:00,117.0
22237,awair-omni_16168,,Classroom,,undefined,70886b1239a5,,c0:98:e5:c0:00:38,,UVA,120 Olsson,http-awairlocal-publish,2021-12-07 09:04:28-05:00,116.8
22238,awair-omni_16168,,Classroom,,undefined,70886b1239a5,,c0:98:e5:c0:00:38,,UVA,120 Olsson,http-awairlocal-publish,2021-12-07 09:04:38-05:00,117.2
22239,awair-omni_16168,,Classroom,,undefined,70886b1239a5,,c0:98:e5:c0:00:38,,UVA,120 Olsson,http-awairlocal-publish,2021-12-07 09:04:48-05:00,117.0
22240,awair-omni_16168,,Classroom,,undefined,70886b1239a5,,c0:98:e5:c0:00:38,,UVA,120 Olsson,http-awairlocal-publish,2021-12-07 09:04:58-05:00,117.0
22241,awair-omni_16168,,Classroom,,undefined,70886b1239a5,,c0:98:e5:c0:00:38,,UVA,120 Olsson,http-awairlocal-publish,2021-12-07 09:05:08-05:00,117.1
22242,awair-omni_16168,,Classroom,,undefined,70886b1239a5,,c0:98:e5:c0:00:38,,UVA,120 Olsson,http-awairlocal-publish,2021-12-07 09:05:18-05:00,117.0
22243,awair-omni_16168,,Classroom,,undefined,70886b1239a5,,c0:98:e5:c0:00:38,,UVA,120 Olsson,http-awairlocal-publish,2021-12-07 09:05:28-05:00,117.3
22244,awair-omni_16168,,Classroom,,undefined,70886b1239a5,,c0:98:e5:c0:00:38,,UVA,120 Olsson,http-awairlocal-publish,2021-12-07 09:05:38-05:00,117.1
22245,awair-omni_16168,,Classroom,,undefined,70886b1239a5,,c0:98:e5:c0:00:38,,UVA,120 Olsson,http-awairlocal-publish,2021-12-07 09:05:48-05:00,117.0
22246,awair-omni_16168,,Classroom,,undefined,70886b1239a5,,c0:98:e5:c0:00:38,,UVA,120 Olsson,http-awairlocal-publish,2021-12-07 09:05:58-05:00,117.1
22247,awair-omni_16168,,Classroom,,undefined,70886b1239a5,,c0:98:e5:c0:00:38,,UVA,120 Olsson,http-awairlocal-publish,2021-12-07 09:06:08-05:00,117.0
22248,awair-omni_16168,,Classroom,,undefined,70886b1239a5,,c0:98:e5:c0:00:38,,UVA,120 Olsson,http-awairlocal-publish,2021-12-07 09:06:18-05:00,117.2
22249,awair-omni_16168,,Classroom,,undefined,70886b1239a5,,c0:98:e5:c0:00:38,,UVA,120 Olsson,http-awairlocal-publish,2021-12-07 09:06:28-05:00,117.1
22250,awair-omni_16168,,Classroom,,undefined,70886b1239a5,,c0:98:e5:c0:00:38,,UVA,120 Olsson,http-awairlocal-publish,2021-12-07 09:06:38-05:00,117.0
22251,awair-omni_16168,,Classroom,,undefined,70886b1239a5,,c0:98:e5:c0:00:38,,UVA,120 Olsson,http-awairlocal-publish,2021-12-07 09:06:48-05:00,116.5
22252,awair-omni_16168,,Classroom,,undefined,70886b1239a5,,c0:98:e5:c0:00:38,,UVA,120 Olsson,http-awairlocal-publish,2021-12-07 09:06:59-05:00,116.7
22253,awair-omni_16168,,Classroom,,undefined,70886b1239a5,,c0:98:e5:c0:00:38,,UVA,120 Olsson,http-awairlocal-publish,2021-12-07 09:07:09-05:00,116.5
22254,awair-omni_16168,,Classroom,,undefined,70886b1239a5,,c0:98:e5:c0:00:38,,UVA,120 Olsson,http-awairlocal-publish,2021-12-07 09:07:19-05:00,116.7
22255,awair-omni_16168,,Classroom,,undefined,70886b1239a5,,c0:98:e5:c0:00:38,,UVA,120 Olsson,http-awairlocal-publish,2021-12-07 09:07:29-05:00,117.0
22256,awair-omni_16168,,Classroom,,undefined,70886b1239a5,,c0:98:e5:c0:00:38,,UVA,120 Olsson,http-awairlocal-publish,2021-12-07 09:07:39-05:00,117.1
22257,awair-omni_16168,,Classroom,,undefined,70886b1239a5,,c0:98:e5:c0:00:38,,UVA,120 Olsson,http-awairlocal-publish,2021-12-07 09:07:49-05:00,117.0
22258,awair-omni_16168,,Classroom,,undefined,70886b1239a5,,c0:98:e5:c0:00:38,,UVA,120 Olsson,http-awairlocal-publish,2021-12-07 09:07:59-05:00,117.0
22259,awair-omni_16168,,Classroom,,undefined,70886b1239a5,,c0:98:e5:c0:00:38,,UVA,120 Olsson,http-awairlocal-publish,2021-12-07 09:08:09-05:00,117.1
22260,awair-omni_16168,,Classroom,,undefined,70886b1239a5,,c0:98:e5:c0:00:38,,UVA,120 Olsson,http-awairlocal-publish,2021-12-07 09:08:19-05:00,117.0
22261,awair-omni_16168,,Classroom,,undefined,70886b1239a5,,c0:98:e5:c0:00:38,,UVA,120 Olsson,http-awairlocal-publish,2021-12-07 09:08:29-05:00,117.0
22262,awair-omni_16168,,Classroom,,undefined,70886b1239a5,,c0:98:e5:c0:00:38,,UVA,120 Olsson,http-awairlocal-publish,2021-12-07 09:08:39-05:00,116.8
22263,awair-omni_16168,,Classroom,,undefined,70886b1239a5,,c0:98:e5:c0:00:38,,UVA,120 Olsson,http-awairlocal-publish,2021-12-07 09:08:49-05:00,117.1
22264,awair-omni_16168,,Classroom,,undefined,70886b1239a5,,c0:98:e5:c0:00:38,,UVA,120 Olsson,http-awairlocal-publish,2021-12-07 09:08:59-05:00,117.3
22265,awair-omni_16168,,Classroom,,undefined,70886b1239a5,,c0:98:e5:c0:00:38,,UVA,120 Olsson,http-awairlocal-publish,2021-12-07 09:09:10-05:00,117.1
22266,awair-omni_16168,,Classroom,,undefined,70886b1239a5,,c0:98:e5:c0:00:38,,UVA,120 Olsson,http-awairlocal-publish,2021-12-07 09:09:20-05:00,117.1
22267,awair-omni_16168,,Classroom,,undefined,70886b1239a5,,c0:98:e5:c0:00:38,,UVA,120 Olsson,http-awairlocal-publish,2021-12-07 09:09:30-05:00,117.2
22268,awair-omni_16168,,Classroom,,undefined,70886b1239a5,,c0:98:e5:c0:00:38,,UVA,120 Olsson,http-awairlocal-publish,2021-12-07 09:09:40-05:00,117.3
22269,awair-omni_16168,,Classroom,,undefined,70886b1239a5,,c0:98:e5:c0:00:38,,UVA,120 Olsson,http-awairlocal-publish,2021-12-07 09:09:50-05:00,117.0
22270,awair-omni_16168,,Classroom,,undefined,70886b1239a5,,c0:98:e5:c0:00:38,,UVA,120 Olsson,http-awairlocal-publish,2021-12-07 09:10:00-05:00,116.5
22271,awair-omni_16168,,Classroom,,undefined,70886b1239a5,,c0:98:e5:c0:00:38,,UVA,120 Olsson,http-awairlocal-publish,2021-12-07 09:10:10-05:00,116.5
22272,awair-omni_16168,,Classroom,,undefined,70886b1239a5,,c0:98:e5:c0:00:38,,UVA,120 Olsson,http-awairlocal-publish,2021-12-07 09:10:20-05:00,116.4
22273,awair-omni_16168,,Classroom,,undefined,70886b1239a5,,c0:98:e5:c0:00:38,,UVA,120 Olsson,http-awairlocal-publish,2021-12-07 09:10:30-05:00,116.4
22274,awair-omni_16168,,Classroom,,undefined,70886b1239a5,,c0:98:e5:c0:00:38,,UVA,120 Olsson,http-awairlocal-publish,2021-12-07 09:10:40-05:00,116.5
22275,awair-omni_16168,,Classroom,,undefined,70886b1239a5,,c0:98:e5:c0:00:38,,UVA,120 Olsson,http-awairlocal-publish,2021-12-07 09:10:50-05:00,116.2
22276,awair-omni_16168,,Classroom,,undefined,70886b1239a5,,c0:98:e5:c0:00:38,,UVA,120 Olsson,http-awairlocal-publish,2021-12-07 09:11:00-05:00,116.5
22277,awair-omni_16168,,Classroom,,undefined,70886b1239a5,,c0:98:e5:c0:00:38,,UVA,120 Olsson,http-awairlocal-publish,2021-12-07 09:11:10-05:00,116.4
22278,awair-omni_16168,,Classroom,,undefined,70886b1239a5,,c0:98:e5:c0:00:38,,UVA,120 Olsson,http-awairlocal-publish,2021-12-07 09:11:20-05:00,116.4
22279,awair-omni_16168,,Classroom,,undefined,70886b1239a5,,c0:98:e5:c0:00:38,,UVA,120 Olsson,http-awairlocal-publish,2021-12-07 09:11:30-05:00,116.5
22280,awair-omni_16168,,Classroom,,undefined,70886b1239a5,,c0:98:e5:c0:00:38,,UVA,120 Olsson,http-awairlocal-publish,2021-12-07 09:11:40-05:00,116.4
22281,awair-omni_16168,,Classroom,,undefined,70886b1239a5,,c0:98:e5:c0:00:38,,UVA,120 Olsson,http-awairlocal-publish,2021-12-07 09:11:50-05:00,116.5
22282,awair-omni_16168,,Classroom,,undefined,70886b1239a5,,c0:98:e5:c0:00:38,,UVA,120 Olsson,http-awairlocal-publish,2021-12-07 09:12:00-05:00,116.6
22283,awair-omni_16168,,Classroom,,undefined,70886b1239a5,,c0:98:e5:c0:00:38,,UVA,120 Olsson,http-awairlocal-publish,2021-12-07 09:12:10-05:00,116.5
22284,awair-omni_16168,,Classroom,,undefined,70886b1239a5,,c0:98:e5:c0:00:38,,UVA,120 Olsson,http-awairlocal-publish,2021-12-07 09:12:20-05:00,116.5
22285,awair-omni_16168,,Classroom,,undefined,70886b1239a5,,c0:98:e5:c0:00:38,,UVA,120 Olsson,http-awairlocal-publish,2021-12-07 09:12:30-05:00,116.6
22286,awair-omni_16168,,Classroom,,undefined,70886b1239a5,,c0:98:e5:c0:00:38,,UVA,120 Olsson,http-awairlocal-publish,2021-12-07 09:12:40-05:00,116.5
22287,awair-omni_16168,,Classroom,,undefined,70886b1239a5,,c0:98:e5:c0:00:38,,UVA,120 Olsson,http-awairlocal-publish,2021-12-07 09:12:51-05:00,116.7
22288,awair-omni_16168,,Classroom,,undefined,70886b1239a5,,c0:98:e5:c0:00:38,,UVA,120 Olsson,http-awairlocal-publish,2021-12-07 09:13:01-05:00,116.6
22289,awair-omni_16168,,Classroom,,undefined,70886b1239a5,,c0:98:e5:c0:00:38,,UVA,120 Olsson,http-awairlocal-publish,2021-12-07 09:13:11-05:00,116.6
22290,awair-omni_16168,,Classroom,,undefined,70886b1239a5,,c0:98:e5:c0:00:38,,UVA,120 Olsson,http-awairlocal-publish,2021-12-07 09:13:21-05:00,116.7
22291,awair-omni_16168,,Classroom,,undefined,70886b1239a5,,c0:98:e5:c0:00:38,,UVA,120 Olsson,http-awairlocal-publish,2021-12-07 09:13:31-05:00,116.8
22292,awair-omni_16168,,Classroom,,undefined,70886b1239a5,,c0:98:e5:c0:00:38,,UVA,120 Olsson,http-awairlocal-publish,2021-12-07 09:13:41-05:00,117.1
22293,awair-omni_16168,,Classroom,,undefined,70886b1239a5,,c0:98:e5:c0:00:38,,UVA,120 Olsson,http-awairlocal-publish,2021-12-07 09:13:51-05:00,116.7
22294,awair-omni_16168,,Classroom,,undefined,70886b1239a5,,c0:98:e5:c0:00:38,,UVA,120 Olsson,http-awairlocal-publish,2021-12-07 09:14:01-05:00,116.6
22295,awair-omni_16168,,Classroom,,undefined,70886b1239a5,,c0:98:e5:c0:00:38,,UVA,120 Olsson,http-awairlocal-publish,2021-12-07 09:14:11-05:00,117.0
22296,awair-omni_16168,,Classroom,,undefined,70886b1239a5,,c0:98:e5:c0:00:38,,UVA,120 Olsson,http-awairlocal-publish,2021-12-07 09:14:21-05:00,117.1
22297,awair-omni_16168,,Classroom,,undefined,70886b1239a5,,c0:98:e5:c0:00:38,,UVA,120 Olsson,http-awairlocal-publish,2021-12-07 09:14:31-05:00,116.8
22298,awair-omni_16168,,Classroom,,undefined,70886b1239a5,,c0:98:e5:c0:00:38,,UVA,120 Olsson,http-awairlocal-publish,2021-12-07 09:14:41-05:00,116.5
22299,awair-omni_16168,,Classroom,,undefined,70886b1239a5,,c0:98:e5:c0:00:38,,UVA,120 Olsson,http-awairlocal-publish,2021-12-07 09:14:51-05:00,116.6
22300,awair-omni_16168,,Classroom,,undefined,70886b1239a5,,c0:98:e5:c0:00:38,,UVA,120 Olsson,http-awairlocal-publish,2021-12-07 09:15:01-05:00,117.0
22301,awair-omni_16168,,Classroom,,undefined,70886b1239a5,,c0:98:e5:c0:00:38,,UVA,120 Olsson,http-awairlocal-publish,2021-12-07 09:15:11-05:00,117.1
22302,awair-omni_16168,,Classroom,,undefined,70886b1239a5,,c0:98:e5:c0:00:38,,UVA,120 Olsson,http-awairlocal-publish,2021-12-07 09:15:21-05:00,116.7
22303,awair-omni_16168,,Classroom,,undefined,70886b1239a5,,c0:98:e5:c0:00:38,,UVA,120 Olsson,http-awairlocal-publish,2021-12-07 09:15:31-05:00,116.2
22304,awair-omni_16168,,Classroom,,undefined,70886b1239a5,,c0:98:e5:c0:00:38,,UVA,120 Olsson,http-awairlocal-publish,2021-12-07 09:15:41-05:00,116.2
22305,awair-omni_16168,,Classroom,,undefined,70886b1239a5,,c0:98:e5:c0:00:38,,UVA,120 Olsson,http-awairlocal-publish,2021-12-07 09:15:51-05:00,116.1
22306,awair-omni_16168,,Classroom,,undefined,70886b1239a5,,c0:98:e5:c0:00:38,,UVA,120 Olsson,http-awairlocal-publish,2021-12-07 09:16:01-05:00,116.1
22307,awair-omni_16168,,Classroom,,undefined,70886b1239a5,,c0:98:e5:c0:00:38,,UVA,120 Olsson,http-awairlocal-publish,2021-12-07 09:16:11-05:00,116.5
22308,awair-omni_16168,,Classroom,,undefined,70886b1239a5,,c0:98:e5:c0:00:38,,UVA,120 Olsson,http-awairlocal-publish,2021-12-07 09:16:21-05:00,116.2
22309,awair-omni_16168,,Classroom,,undefined,70886b1239a5,,c0:98:e5:c0:00:38,,UVA,120 Olsson,http-awairlocal-publish,2021-12-07 09:16:31-05:00,116.7
22310,awair-omni_16168,,Classroom,,undefined,70886b1239a5,,c0:98:e5:c0:00:38,,UVA,120 Olsson,http-awairlocal-publish,2021-12-07 09:16:41-05:00,116.6
22311,awair-omni_16168,,Classroom,,undefined,70886b1239a5,,c0:98:e5:c0:00:38,,UVA,120 Olsson,http-awairlocal-publish,2021-12-07 09:16:51-05:00,116.8
22312,awair-omni_16168,,Classroom,,undefined,70886b1239a5,,c0:98:e5:c0:00:38,,UVA,120 Olsson,http-awairlocal-publish,2021-12-07 09:17:01-05:00,116.7
22313,awair-omni_16168,,Classroom,,undefined,70886b1239a5,,c0:98:e5:c0:00:38,,UVA,120 Olsson,http-awairlocal-publish,2021-12-07 09:17:11-05:00,116.7
22314,awair-omni_16168,,Classroom,,undefined,70886b1239a5,,c0:98:e5:c0:00:38,,UVA,120 Olsson,http-awairlocal-publish,2021-12-07 09:17:21-05:00,116.8
22315,awair-omni_16168,,Classroom,,undefined,70886b1239a5,,c0:98:e5:c0:00:38,,UVA,120 Olsson,http-awairlocal-publish,2021-12-07 09:17:31-05:00,116.8
22316,awair-omni_16168,,Classroom,,undefined,70886b1239a5,,c0:98:e5:c0:00:38,,UVA,120 Olsson,http-awairlocal-publish,2021-12-07 09:17:41-05:00,116.6
22317,awair-omni_16168,,Classroom,,undefined,70886b1239a5,,c0:98:e5:c0:00:38,,UVA,120 Olsson,http-awairlocal-publish,2021-12-07 09:17:51-05:00,116.7
22318,awair-omni_16168,,Classroom,,undefined,70886b1239a5,,c0:98:e5:c0:00:38,,UVA,120 Olsson,http-awairlocal-publish,2021-12-07 09:18:02-05:00,117.0
22319,awair-omni_16168,,Classroom,,undefined,70886b1239a5,,c0:98:e5:c0:00:38,,UVA,120 Olsson,http-awairlocal-publish,2021-12-07 09:18:12-05:00,117.1
22320,awair-omni_16168,,Classroom,,undefined,70886b1239a5,,c0:98:e5:c0:00:38,,UVA,120 Olsson,http-awairlocal-publish,2021-12-07 09:18:22-05:00,116.8
22321,awair-omni_16168,,Classroom,,undefined,70886b1239a5,,c0:98:e5:c0:00:38,,UVA,120 Olsson,http-awairlocal-publish,2021-12-07 09:18:32-05:00,116.8
22322,awair-omni_16168,,Classroom,,undefined,70886b1239a5,,c0:98:e5:c0:00:38,,UVA,120 Olsson,http-awairlocal-publish,2021-12-07 09:18:42-05:00,116.8
22323,awair-omni_16168,,Classroom,,undefined,70886b1239a5,,c0:98:e5:c0:00:38,,UVA,120 Olsson,http-awairlocal-publish,2021-12-07 09:18:52-05:00,116.8
22324,awair-omni_16168,,Classroom,,undefined,70886b1239a5,,c0:98:e5:c0:00:38,,UVA,120 Olsson,http-awairlocal-publish,2021-12-07 09:19:02-05:00,117.1
22325,awair-omni_16168,,Classroom,,undefined,70886b1239a5,,c0:98:e5:c0:00:38,,UVA,120 Olsson,http-awairlocal-publish,2021-12-07 09:19:12-05:00,117.2
22326,awair-omni_16168,,Classroom,,undefined,70886b1239a5,,c0:98:e5:c0:00:38,,UVA,120 Olsson,http-awairlocal-publish,2021-12-07 09:19:22-05:00,115.8
22327,awair-omni_16168,,Classroom,,undefined,70886b1239a5,,c0:98:e5:c0:00:38,,UVA,120 Olsson,http-awairlocal-publish,2021-12-07 09:19:32-05:00,116.0
22328,awair-omni_16168,,Classroom,,undefined,70886b1239a5,,c0:98:e5:c0:00:38,,UVA,120 Olsson,http-awairlocal-publish,2021-12-07 09:19:42-05:00,116.1
22329,awair-omni_16168,,Classroom,,undefined,70886b1239a5,,c0:98:e5:c0:00:38,,UVA,120 Olsson,http-awairlocal-publish,2021-12-07 09:19:52-05:00,116.1
